enrollment_id,Student_ID,Course_ID,status
E00001,C007,C066,enrolled
E00002,C007,C065,enrolled
E00003,C007,C062,enrolled
E00004,C007,C070,enrolled
E00005,C007,C064,enrolled
E00006,C012,C066,enrolled
E00007,C012,C070,enrolled
E00008,C012,C067,enrolled
E00009,C012,C065,enrolled
E00010,C012,C062,enrolled
E00011,C015,C061,enrolled
E00012,C015,C068,enrolled
E00013,C015,C067,enrolled
E00014,C015,C066,enrolled
E00015,C015,C064,enrolled
E00016,C016,C068,enrolled
E00017,C016,C061,enrolled
E00018,C016,C067,enrolled
E00019,C016,C066,enrolled
E00020,C016,C065,enrolled
E00021,C018,C064,enrolled
E00022,C018,C070,enrolled
E00023,C018,C069,enrolled
E00024,C018,C068,enrolled
E00025,C018,C067,enrolled
E00026,C020,C070,enrolled
E00027,C020,C069,enrolled
E00028,C020,C063,enrolled
E00029,C020,C068,enrolled
E00030,C020,C061,enrolled
E00031,C021,C062,enrolled
E00032,C021,C065,enrolled
E00033,C021,C063,enrolled
E00034,C021,C066,enrolled
E00035,C021,C067,enrolled
E00036,C022,C061,enrolled
E00037,C022,C070,enrolled
E00038,C022,C069,enrolled
E00039,C022,C063,enrolled
E00040,C022,C064,enrolled
E00041,C027,C067,enrolled
E00042,C027,C062,enrolled
E00043,C027,C065,enrolled
E00044,C027,C064,enrolled
E00045,C027,C063,enrolled
E00046,C028,C069,enrolled
E00047,C028,C070,enrolled
E00048,C028,C068,enrolled
E00049,C028,C063,enrolled
E00050,C028,C066,enrolled
E00051,C029,C067,enrolled
E00052,C029,C065,enrolled
E00053,C029,C066,enrolled
E00054,C029,C070,enrolled
E00055,C029,C061,enrolled
E00056,C035,C068,enrolled
E00057,C035,C066,enrolled
E00058,C035,C067,enrolled
E00059,C035,C062,enrolled
E00060,C035,C063,enrolled
E00061,C036,C070,enrolled
E00062,C036,C068,enrolled
E00063,C036,C061,enrolled
E00064,C036,C063,enrolled
E00065,C036,C066,enrolled
E00066,C038,C066,enrolled
E00067,C038,C065,enrolled
E00068,C038,C064,enrolled
E00069,C038,C061,enrolled
E00070,C038,C068,enrolled
E00071,C041,C066,enrolled
E00072,C041,C065,enrolled
E00073,C041,C062,enrolled
E00074,C041,C063,enrolled
E00075,C041,C064,enrolled
E00076,C048,C067,enrolled
E00077,C048,C070,enrolled
E00078,C048,C063,enrolled
E00079,C048,C064,enrolled
E00080,C048,C065,enrolled
E00081,C049,C065,enrolled
E00082,C049,C070,enrolled
E00083,C049,C062,enrolled
E00084,C049,C066,enrolled
E00085,C049,C061,enrolled
E00086,C052,C066,enrolled
E00087,C052,C063,enrolled
E00088,C052,C067,enrolled
E00089,C052,C064,enrolled
E00090,C052,C062,enrolled
E00091,C057,C068,enrolled
E00092,C057,C063,enrolled
E00093,C057,C066,enrolled
E00094,C057,C062,enrolled
E00095,C057,C061,enrolled
E00096,C060,C063,enrolled
E00097,C060,C069,enrolled
E00098,C060,C064,enrolled
E00099,C060,C065,enrolled
E00100,C060,C062,enrolled
E00101,C062,C061,enrolled
E00102,C062,C065,enrolled
E00103,C062,C067,enrolled
E00104,C062,C062,enrolled
E00105,C062,C064,enrolled
E00106,C063,C061,enrolled
E00107,C063,C070,enrolled
E00108,C063,C066,enrolled
E00109,C063,C068,enrolled
E00110,C063,C063,enrolled
E00111,C070,C066,enrolled
E00112,C070,C065,enrolled
E00113,C070,C068,enrolled
E00114,C070,C067,enrolled
E00115,C070,C061,enrolled
E00116,C072,C066,enrolled
E00117,C072,C062,enrolled
E00118,C072,C061,enrolled
E00119,C072,C065,enrolled
E00120,C072,C067,enrolled
E00121,C076,C066,enrolled
E00122,C076,C070,enrolled
E00123,C076,C065,enrolled
E00124,C076,C062,enrolled
E00125,C076,C069,enrolled
E00126,C078,C070,enrolled
E00127,C078,C066,enrolled
E00128,C078,C068,enrolled
E00129,C078,C063,enrolled
E00130,C078,C061,enrolled
E00131,C079,C070,enrolled
E00132,C079,C068,enrolled
E00133,C079,C065,enrolled
E00134,C079,C063,enrolled
E00135,C079,C064,enrolled
E00136,C082,C064,enrolled
E00137,C082,C068,enrolled
E00138,C082,C062,enrolled
E00139,C082,C065,enrolled
E00140,C082,C066,enrolled
E00141,C086,C069,enrolled
E00142,C086,C066,enrolled
E00143,C086,C065,enrolled
E00144,C086,C062,enrolled
E00145,C086,C064,enrolled
E00146,C092,C062,enrolled
E00147,C092,C061,enrolled
E00148,C092,C063,enrolled
E00149,C092,C070,enrolled
E00150,C092,C064,enrolled
E00151,C093,C069,enrolled
E00152,C093,C066,enrolled
E00153,C093,C070,enrolled
E00154,C093,C063,enrolled
E00155,C093,C061,enrolled
E00156,C095,C062,enrolled
E00157,C095,C069,enrolled
E00158,C095,C064,enrolled
E00159,C095,C063,enrolled
E00160,C095,C061,enrolled
E00161,C096,C065,enrolled
E00162,C096,C063,enrolled
E00163,C096,C070,enrolled
E00164,C096,C069,enrolled
E00165,C096,C062,enrolled
E00166,C099,C069,enrolled
E00167,C099,C061,enrolled
E00168,C099,C067,enrolled
E00169,C099,C062,enrolled
E00170,C099,C065,enrolled
E00171,C100,C063,enrolled
E00172,C100,C067,enrolled
E00173,C100,C065,enrolled
E00174,C100,C061,enrolled
E00175,C100,C069,enrolled
E00176,C103,C066,enrolled
E00177,C103,C062,enrolled
E00178,C103,C067,enrolled
E00179,C103,C068,enrolled
E00180,C103,C063,enrolled
E00181,C114,C064,enrolled
E00182,C114,C068,enrolled
E00183,C114,C067,enrolled
E00184,C114,C066,enrolled
E00185,C114,C062,enrolled
E00186,C116,C063,enrolled
E00187,C116,C069,enrolled
E00188,C116,C070,enrolled
E00189,C116,C068,enrolled
E00190,C116,C062,enrolled
E00191,C117,C069,enrolled
E00192,C117,C066,enrolled
E00193,C117,C068,enrolled
E00194,C117,C064,enrolled
E00195,C117,C065,enrolled
E00196,C119,C064,enrolled
E00197,C119,C061,enrolled
E00198,C119,C068,enrolled
E00199,C119,C070,enrolled
E00200,C119,C062,enrolled
E00201,C126,C070,enrolled
E00202,C126,C066,enrolled
E00203,C126,C064,enrolled
E00204,C126,C061,enrolled
E00205,C126,C065,enrolled
E00206,C127,C068,enrolled
E00207,C127,C066,enrolled
E00208,C127,C069,enrolled
E00209,C127,C061,enrolled
E00210,C127,C063,enrolled
E00211,C131,C069,enrolled
E00212,C131,C068,enrolled
E00213,C131,C066,enrolled
E00214,C131,C070,enrolled
E00215,C131,C067,enrolled
E00216,C137,C065,enrolled
E00217,C137,C063,enrolled
E00218,C137,C066,enrolled
E00219,C137,C062,enrolled
E00220,C137,C069,enrolled
E00221,C141,C062,enrolled
E00222,C141,C065,enrolled
E00223,C141,C064,enrolled
E00224,C141,C067,enrolled
E00225,C141,C061,enrolled
E00226,C144,C064,enrolled
E00227,C144,C066,enrolled
E00228,C144,C069,enrolled
E00229,C144,C063,enrolled
E00230,C144,C061,enrolled
E00231,C145,C065,enrolled
E00232,C145,C063,enrolled
E00233,C145,C067,enrolled
E00234,C145,C064,enrolled
E00235,C145,C068,enrolled
E00236,C146,C067,enrolled
E00237,C146,C063,enrolled
E00238,C146,C065,enrolled
E00239,C146,C066,enrolled
E00240,C146,C062,enrolled
E00241,C150,C070,enrolled
E00242,C150,C066,enrolled
E00243,C150,C062,enrolled
E00244,C150,C069,enrolled
E00245,C150,C064,enrolled
E00246,C157,C067,enrolled
E00247,C157,C068,enrolled
E00248,C157,C063,enrolled
E00249,C157,C069,enrolled
E00250,C157,C064,enrolled
E00251,C162,C063,enrolled
E00252,C162,C064,enrolled
E00253,C162,C065,enrolled
E00254,C162,C070,enrolled
E00255,C162,C061,enrolled
E00256,C163,C067,enrolled
E00257,C163,C063,enrolled
E00258,C163,C066,enrolled
E00259,C163,C070,enrolled
E00260,C163,C069,enrolled
E00261,C165,C067,enrolled
E00262,C165,C066,enrolled
E00263,C165,C069,enrolled
E00264,C165,C064,enrolled
E00265,C165,C065,enrolled
E00266,C169,C062,enrolled
E00267,C169,C070,enrolled
E00268,C169,C069,enrolled
E00269,C169,C061,enrolled
E00270,C169,C067,enrolled
E00271,C172,C067,enrolled
E00272,C172,C070,enrolled
E00273,C172,C061,enrolled
E00274,C172,C066,enrolled
E00275,C172,C065,enrolled
E00276,C174,C068,enrolled
E00277,C174,C070,enrolled
E00278,C174,C062,enrolled
E00279,C174,C065,enrolled
E00280,C174,C064,enrolled
E00281,C178,C061,enrolled
E00282,C178,C064,enrolled
E00283,C178,C062,enrolled
E00284,C178,C063,enrolled
E00285,C178,C067,enrolled
E00286,C179,C069,enrolled
E00287,C179,C066,enrolled
E00288,C179,C067,enrolled
E00289,C179,C064,enrolled
E00290,C179,C061,enrolled
E00291,C182,C066,enrolled
E00292,C182,C065,enrolled
E00293,C182,C061,enrolled
E00294,C182,C068,enrolled
E00295,C182,C064,enrolled
E00296,C191,C065,enrolled
E00297,C191,C061,enrolled
E00298,C191,C069,enrolled
E00299,C191,C066,enrolled
E00300,C191,C068,enrolled
E00301,C195,C068,enrolled
E00302,C195,C066,enrolled
E00303,C195,C065,enrolled
E00304,C195,C067,enrolled
E00305,C195,C064,enrolled
E00306,G001,C007,enrolled
E00307,G001,C009,enrolled
E00308,G001,C006,enrolled
E00309,G001,C003,enrolled
E00310,G001,C001,enrolled
E00311,G002,C003,enrolled
E00312,G002,C010,enrolled
E00313,G002,C004,enrolled
E00314,G002,C006,enrolled
E00315,G002,C005,enrolled
E00316,G003,C009,enrolled
E00317,G003,C002,enrolled
E00318,G003,C004,enrolled
E00319,G003,C007,enrolled
E00320,G003,C006,enrolled
E00321,G004,C007,enrolled
E00322,G004,C004,enrolled
E00323,G004,C001,enrolled
E00324,G004,C010,enrolled
E00325,G004,C002,enrolled
E00326,G005,C007,enrolled
E00327,G005,C009,enrolled
E00328,G005,C006,enrolled
E00329,G005,C002,enrolled
E00330,G005,C005,enrolled
E00331,G006,C007,enrolled
E00332,G006,C004,enrolled
E00333,G006,C001,enrolled
E00334,G006,C006,enrolled
E00335,G006,C002,enrolled
E00336,G007,C002,enrolled
E00337,G007,C004,enrolled
E00338,G007,C008,enrolled
E00339,G007,C009,enrolled
E00340,G007,C005,enrolled
E00341,G008,C008,enrolled
E00342,G008,C007,enrolled
E00343,G008,C003,enrolled
E00344,G008,C006,enrolled
E00345,G008,C009,enrolled
E00346,G009,C007,enrolled
E00347,G009,C010,enrolled
E00348,G009,C001,enrolled
E00349,G009,C002,enrolled
E00350,G009,C008,enrolled
E00351,G010,C001,enrolled
E00352,G010,C005,enrolled
E00353,G010,C009,enrolled
E00354,G010,C008,enrolled
E00355,G010,C002,enrolled
E00356,G011,C009,enrolled
E00357,G011,C006,enrolled
E00358,G011,C010,enrolled
E00359,G011,C008,enrolled
E00360,G011,C001,enrolled
E00361,G012,C004,enrolled
E00362,G012,C007,enrolled
E00363,G012,C006,enrolled
E00364,G012,C002,enrolled
E00365,G012,C005,enrolled
E00366,G013,C003,enrolled
E00367,G013,C008,enrolled
E00368,G013,C009,enrolled
E00369,G013,C004,enrolled
E00370,G013,C010,enrolled
E00371,G014,C008,enrolled
E00372,G014,C010,enrolled
E00373,G014,C006,enrolled
E00374,G014,C003,enrolled
E00375,G014,C004,enrolled
E00376,G015,C003,enrolled
E00377,G015,C008,enrolled
E00378,G015,C004,enrolled
E00379,G015,C006,enrolled
E00380,G015,C007,enrolled
E00381,G016,C007,enrolled
E00382,G016,C010,enrolled
E00383,G016,C004,enrolled
E00384,G016,C009,enrolled
E00385,G016,C006,enrolled
E00386,G017,C007,enrolled
E00387,G017,C002,enrolled
E00388,G017,C010,enrolled
E00389,G017,C008,enrolled
E00390,G017,C004,enrolled
E00391,G018,C008,enrolled
E00392,G018,C009,enrolled
E00393,G018,C010,enrolled
E00394,G018,C002,enrolled
E00395,G018,C004,enrolled
E00396,G019,C004,enrolled
E00397,G019,C009,enrolled
E00398,G019,C010,enrolled
E00399,G019,C008,enrolled
E00400,G019,C007,enrolled
E00401,G020,C010,enrolled
E00402,G020,C007,enrolled
E00403,G020,C001,enrolled
E00404,G020,C002,enrolled
E00405,G020,C005,enrolled
E00406,G021,C009,enrolled
E00407,G021,C005,enrolled
E00408,G021,C006,enrolled
E00409,G021,C008,enrolled
E00410,G021,C004,enrolled
E00411,G022,C003,enrolled
E00412,G022,C001,enrolled
E00413,G022,C008,enrolled
E00414,G022,C007,enrolled
E00415,G022,C010,enrolled
E00416,G023,C009,enrolled
E00417,G023,C003,enrolled
E00418,G023,C004,enrolled
E00419,G023,C010,enrolled
E00420,G023,C002,enrolled
E00421,G024,C009,enrolled
E00422,G024,C002,enrolled
E00423,G024,C004,enrolled
E00424,G024,C001,enrolled
E00425,G024,C008,enrolled
E00426,G025,C008,enrolled
E00427,G025,C004,enrolled
E00428,G025,C005,enrolled
E00429,G025,C007,enrolled
E00430,G025,C002,enrolled
E00431,G026,C007,enrolled
E00432,G026,C003,enrolled
E00433,G026,C006,enrolled
E00434,G026,C004,enrolled
E00435,G026,C005,enrolled
E00436,G027,C002,enrolled
E00437,G027,C003,enrolled
E00438,G027,C008,enrolled
E00439,G027,C004,enrolled
E00440,G027,C010,enrolled
E00441,G028,C010,enrolled
E00442,G028,C008,enrolled
E00443,G028,C004,enrolled
E00444,G028,C009,enrolled
E00445,G028,C005,enrolled
E00446,G029,C002,enrolled
E00447,G029,C003,enrolled
E00448,G029,C009,enrolled
E00449,G029,C008,enrolled
E00450,G029,C004,enrolled
E00451,G030,C001,enrolled
E00452,G030,C006,enrolled
E00453,G030,C008,enrolled
E00454,G030,C002,enrolled
E00455,G030,C005,enrolled
E00456,G031,C005,enrolled
E00457,G031,C007,enrolled
E00458,G031,C003,enrolled
E00459,G031,C006,enrolled
E00460,G031,C008,enrolled
E00461,G032,C009,enrolled
E00462,G032,C006,enrolled
E00463,G032,C001,enrolled
E00464,G032,C010,enrolled
E00465,G032,C005,enrolled
E00466,G033,C004,enrolled
E00467,G033,C009,enrolled
E00468,G033,C007,enrolled
E00469,G033,C005,enrolled
E00470,G033,C002,enrolled
E00471,G034,C010,enrolled
E00472,G034,C001,enrolled
E00473,G034,C005,enrolled
E00474,G034,C008,enrolled
E00475,G034,C006,enrolled
E00476,G035,C003,enrolled
E00477,G035,C002,enrolled
E00478,G035,C005,enrolled
E00479,G035,C006,enrolled
E00480,G035,C004,enrolled
E00481,G036,C001,enrolled
E00482,G036,C003,enrolled
E00483,G036,C008,enrolled
E00484,G036,C007,enrolled
E00485,G036,C005,enrolled
E00486,G037,C010,enrolled
E00487,G037,C006,enrolled
E00488,G037,C009,enrolled
E00489,G037,C003,enrolled
E00490,G037,C002,enrolled
E00491,G038,C001,enrolled
E00492,G038,C009,enrolled
E00493,G038,C007,enrolled
E00494,G038,C006,enrolled
E00495,G038,C008,enrolled
E00496,G039,C006,enrolled
E00497,G039,C003,enrolled
E00498,G039,C002,enrolled
E00499,G039,C008,enrolled
E00500,G039,C005,enrolled
E00501,G040,C009,enrolled
E00502,G040,C010,enrolled
E00503,G040,C001,enrolled
E00504,G040,C007,enrolled
E00505,G040,C005,enrolled
E00506,G041,C004,enrolled
E00507,G041,C002,enrolled
E00508,G041,C006,enrolled
E00509,G041,C009,enrolled
E00510,G041,C007,enrolled
E00511,G042,C009,enrolled
E00512,G042,C010,enrolled
E00513,G042,C004,enrolled
E00514,G042,C002,enrolled
E00515,G042,C005,enrolled
E00516,G043,C001,enrolled
E00517,G043,C008,enrolled
E00518,G043,C006,enrolled
E00519,G043,C004,enrolled
E00520,G043,C002,enrolled
E00521,G044,C003,enrolled
E00522,G044,C002,enrolled
E00523,G044,C004,enrolled
E00524,G044,C007,enrolled
E00525,G044,C010,enrolled
E00526,G045,C005,enrolled
E00527,G045,C003,enrolled
E00528,G045,C010,enrolled
E00529,G045,C009,enrolled
E00530,G045,C004,enrolled
E00531,G046,C005,enrolled
E00532,G046,C008,enrolled
E00533,G046,C002,enrolled
E00534,G046,C007,enrolled
E00535,G046,C001,enrolled
E00536,G047,C002,enrolled
E00537,G047,C009,enrolled
E00538,G047,C007,enrolled
E00539,G047,C003,enrolled
E00540,G047,C001,enrolled
E00541,G048,C002,enrolled
E00542,G048,C010,enrolled
E00543,G048,C006,enrolled
E00544,G048,C001,enrolled
E00545,G048,C008,enrolled
E00546,G049,C002,enrolled
E00547,G049,C006,enrolled
E00548,G049,C007,enrolled
E00549,G049,C010,enrolled
E00550,G049,C005,enrolled
E00551,G050,C002,enrolled
E00552,G050,C006,enrolled
E00553,G050,C003,enrolled
E00554,G050,C008,enrolled
E00555,G050,C007,enrolled
E00556,G051,C010,enrolled
E00557,G051,C003,enrolled
E00558,G051,C002,enrolled
E00559,G051,C009,enrolled
E00560,G051,C004,enrolled
E00561,G052,C010,enrolled
E00562,G052,C003,enrolled
E00563,G052,C008,enrolled
E00564,G052,C004,enrolled
E00565,G052,C001,enrolled
E00566,G053,C002,enrolled
E00567,G053,C004,enrolled
E00568,G053,C007,enrolled
E00569,G053,C001,enrolled
E00570,G053,C005,enrolled
E00571,G054,C010,enrolled
E00572,G054,C006,enrolled
E00573,G054,C007,enrolled
E00574,G054,C001,enrolled
E00575,G054,C003,enrolled
E00576,G055,C009,enrolled
E00577,G055,C003,enrolled
E00578,G055,C002,enrolled
E00579,G055,C004,enrolled
E00580,G055,C005,enrolled
E00581,G056,C005,enrolled
E00582,G056,C007,enrolled
E00583,G056,C001,enrolled
E00584,G056,C008,enrolled
E00585,G056,C004,enrolled
E00586,G057,C005,enrolled
E00587,G057,C008,enrolled
E00588,G057,C004,enrolled
E00589,G057,C010,enrolled
E00590,G057,C003,enrolled
E00591,G058,C004,enrolled
E00592,G058,C007,enrolled
E00593,G058,C006,enrolled
E00594,G058,C001,enrolled
E00595,G058,C003,enrolled
E00596,G059,C008,enrolled
E00597,G059,C002,enrolled
E00598,G059,C009,enrolled
E00599,G059,C010,enrolled
E00600,G059,C001,enrolled
E00601,G060,C007,enrolled
E00602,G060,C002,enrolled
E00603,G060,C005,enrolled
E00604,G060,C010,enrolled
E00605,G060,C009,enrolled
E00606,G061,C004,enrolled
E00607,G061,C008,enrolled
E00608,G061,C009,enrolled
E00609,G061,C003,enrolled
E00610,G061,C002,enrolled
E00611,G062,C005,enrolled
E00612,G062,C006,enrolled
E00613,G062,C001,enrolled
E00614,G062,C007,enrolled
E00615,G062,C008,enrolled
E00616,G063,C001,enrolled
E00617,G063,C010,enrolled
E00618,G063,C007,enrolled
E00619,G063,C003,enrolled
E00620,G063,C005,enrolled
E00621,G064,C003,enrolled
E00622,G064,C002,enrolled
E00623,G064,C001,enrolled
E00624,G064,C010,enrolled
E00625,G064,C008,enrolled
E00626,G065,C009,enrolled
E00627,G065,C007,enrolled
E00628,G065,C001,enrolled
E00629,G065,C006,enrolled
E00630,G065,C010,enrolled
E00631,G066,C010,enrolled
E00632,G066,C009,enrolled
E00633,G066,C007,enrolled
E00634,G066,C003,enrolled
E00635,G066,C001,enrolled
E00636,G067,C001,enrolled
E00637,G067,C007,enrolled
E00638,G067,C002,enrolled
E00639,G067,C006,enrolled
E00640,G067,C008,enrolled
E00641,G068,C009,enrolled
E00642,G068,C004,enrolled
E00643,G068,C006,enrolled
E00644,G068,C005,enrolled
E00645,G068,C003,enrolled
E00646,G069,C007,enrolled
E00647,G069,C006,enrolled
E00648,G069,C009,enrolled
E00649,G069,C005,enrolled
E00650,G069,C002,enrolled
E00651,G070,C008,enrolled
E00652,G070,C010,enrolled
E00653,G070,C006,enrolled
E00654,G070,C004,enrolled
E00655,G070,C001,enrolled
E00656,G071,C006,enrolled
E00657,G071,C008,enrolled
E00658,G071,C002,enrolled
E00659,G071,C004,enrolled
E00660,G071,C001,enrolled
E00661,G072,C002,enrolled
E00662,G072,C003,enrolled
E00663,G072,C010,enrolled
E00664,G072,C007,enrolled
E00665,G072,C004,enrolled
E00666,G073,C004,enrolled
E00667,G073,C003,enrolled
E00668,G073,C010,enrolled
E00669,G073,C009,enrolled
E00670,G073,C002,enrolled
E00671,G074,C010,enrolled
E00672,G074,C007,enrolled
E00673,G074,C002,enrolled
E00674,G074,C008,enrolled
E00675,G074,C001,enrolled
E00676,G075,C009,enrolled
E00677,G075,C001,enrolled
E00678,G075,C007,enrolled
E00679,G075,C006,enrolled
E00680,G075,C005,enrolled
E00681,G076,C006,enrolled
E00682,G076,C009,enrolled
E00683,G076,C001,enrolled
E00684,G076,C002,enrolled
E00685,G076,C010,enrolled
E00686,G077,C008,enrolled
E00687,G077,C009,enrolled
E00688,G077,C001,enrolled
E00689,G077,C002,enrolled
E00690,G077,C005,enrolled
E00691,G078,C009,enrolled
E00692,G078,C004,enrolled
E00693,G078,C003,enrolled
E00694,G078,C002,enrolled
E00695,G078,C010,enrolled
E00696,G079,C009,enrolled
E00697,G079,C005,enrolled
E00698,G079,C008,enrolled
E00699,G079,C004,enrolled
E00700,G079,C006,enrolled
E00701,G080,C010,enrolled
E00702,G080,C009,enrolled
E00703,G080,C008,enrolled
E00704,G080,C002,enrolled
E00705,G080,C001,enrolled
E00706,G081,C006,enrolled
E00707,G081,C003,enrolled
E00708,G081,C008,enrolled
E00709,G081,C004,enrolled
E00710,G081,C002,enrolled
E00711,G082,C009,enrolled
E00712,G082,C008,enrolled
E00713,G082,C004,enrolled
E00714,G082,C006,enrolled
E00715,G082,C005,enrolled
E00716,G083,C010,enrolled
E00717,G083,C001,enrolled
E00718,G083,C009,enrolled
E00719,G083,C006,enrolled
E00720,G083,C005,enrolled
E00721,G084,C008,enrolled
E00722,G084,C003,enrolled
E00723,G084,C010,enrolled
E00724,G084,C006,enrolled
E00725,G084,C001,enrolled
E00726,G085,C009,enrolled
E00727,G085,C008,enrolled
E00728,G085,C004,enrolled
E00729,G085,C006,enrolled
E00730,G085,C007,enrolled
E00731,G086,C001,enrolled
E00732,G086,C002,enrolled
E00733,G086,C006,enrolled
E00734,G086,C004,enrolled
E00735,G086,C008,enrolled
E00736,G087,C010,enrolled
E00737,G087,C007,enrolled
E00738,G087,C002,enrolled
E00739,G087,C006,enrolled
E00740,G087,C004,enrolled
E00741,G088,C008,enrolled
E00742,G088,C005,enrolled
E00743,G088,C006,enrolled
E00744,G088,C004,enrolled
E00745,G088,C009,enrolled
E00746,G089,C006,enrolled
E00747,G089,C004,enrolled
E00748,G089,C008,enrolled
E00749,G089,C003,enrolled
E00750,G089,C007,enrolled
E00751,G090,C005,enrolled
E00752,G090,C001,enrolled
E00753,G090,C008,enrolled
E00754,G090,C006,enrolled
E00755,G090,C009,enrolled
E00756,G091,C008,enrolled
E00757,G091,C005,enrolled
E00758,G091,C006,enrolled
E00759,G091,C007,enrolled
E00760,G091,C001,enrolled
E00761,G092,C006,enrolled
E00762,G092,C001,enrolled
E00763,G092,C005,enrolled
E00764,G092,C002,enrolled
E00765,G092,C008,enrolled
E00766,G093,C009,enrolled
E00767,G093,C004,enrolled
E00768,G093,C005,enrolled
E00769,G093,C003,enrolled
E00770,G093,C007,enrolled
E00771,G094,C001,enrolled
E00772,G094,C010,enrolled
E00773,G094,C004,enrolled
E00774,G094,C006,enrolled
E00775,G094,C009,enrolled
E00776,G095,C005,enrolled
E00777,G095,C004,enrolled
E00778,G095,C010,enrolled
E00779,G095,C007,enrolled
E00780,G095,C002,enrolled
E00781,G096,C008,enrolled
E00782,G096,C005,enrolled
E00783,G096,C001,enrolled
E00784,G096,C010,enrolled
E00785,G096,C002,enrolled
E00786,G097,C006,enrolled
E00787,G097,C003,enrolled
E00788,G097,C005,enrolled
E00789,G097,C009,enrolled
E00790,G097,C008,enrolled
E00791,G098,C007,enrolled
E00792,G098,C010,enrolled
E00793,G098,C001,enrolled
E00794,G098,C009,enrolled
E00795,G098,C004,enrolled
E00796,G099,C001,enrolled
E00797,G099,C008,enrolled
E00798,G099,C004,enrolled
E00799,G099,C003,enrolled
E00800,G099,C007,enrolled
E00801,G100,C008,enrolled
E00802,G100,C001,enrolled
E00803,G100,C006,enrolled
E00804,G100,C002,enrolled
E00805,G100,C003,enrolled
E00806,G101,C003,enrolled
E00807,G101,C004,enrolled
E00808,G101,C009,enrolled
E00809,G101,C002,enrolled
E00810,G101,C001,enrolled
E00811,G102,C007,enrolled
E00812,G102,C002,enrolled
E00813,G102,C006,enrolled
E00814,G102,C010,enrolled
E00815,G102,C003,enrolled
E00816,G103,C008,enrolled
E00817,G103,C002,enrolled
E00818,G103,C007,enrolled
E00819,G103,C003,enrolled
E00820,G103,C004,enrolled
E00821,G104,C005,enrolled
E00822,G104,C002,enrolled
E00823,G104,C008,enrolled
E00824,G104,C006,enrolled
E00825,G104,C010,enrolled
E00826,G105,C009,enrolled
E00827,G105,C005,enrolled
E00828,G105,C002,enrolled
E00829,G105,C006,enrolled
E00830,G105,C010,enrolled
E00831,G106,C010,enrolled
E00832,G106,C001,enrolled
E00833,G106,C003,enrolled
E00834,G106,C009,enrolled
E00835,G106,C007,enrolled
E00836,G107,C002,enrolled
E00837,G107,C006,enrolled
E00838,G107,C003,enrolled
E00839,G107,C010,enrolled
E00840,G107,C005,enrolled
E00841,G108,C009,enrolled
E00842,G108,C001,enrolled
E00843,G108,C007,enrolled
E00844,G108,C003,enrolled
E00845,G108,C002,enrolled
E00846,G109,C002,enrolled
E00847,G109,C008,enrolled
E00848,G109,C010,enrolled
E00849,G109,C003,enrolled
E00850,G109,C009,enrolled
E00851,G110,C001,enrolled
E00852,G110,C002,enrolled
E00853,G110,C008,enrolled
E00854,G110,C006,enrolled
E00855,G110,C007,enrolled
E00856,G111,C008,enrolled
E00857,G111,C003,enrolled
E00858,G111,C007,enrolled
E00859,G111,C005,enrolled
E00860,G111,C001,enrolled
E00861,G112,C002,enrolled
E00862,G112,C005,enrolled
E00863,G112,C009,enrolled
E00864,G112,C003,enrolled
E00865,G112,C007,enrolled
E00866,G113,C005,enrolled
E00867,G113,C001,enrolled
E00868,G113,C003,enrolled
E00869,G113,C004,enrolled
E00870,G113,C002,enrolled
E00871,G114,C007,enrolled
E00872,G114,C006,enrolled
E00873,G114,C010,enrolled
E00874,G114,C008,enrolled
E00875,G114,C003,enrolled
E00876,G115,C004,enrolled
E00877,G115,C010,enrolled
E00878,G115,C008,enrolled
E00879,G115,C002,enrolled
E00880,G115,C005,enrolled
E00881,G116,C008,enrolled
E00882,G116,C009,enrolled
E00883,G116,C010,enrolled
E00884,G116,C007,enrolled
E00885,G116,C006,enrolled
E00886,G117,C007,enrolled
E00887,G117,C004,enrolled
E00888,G117,C006,enrolled
E00889,G117,C003,enrolled
E00890,G117,C001,enrolled
E00891,G118,C005,enrolled
E00892,G118,C001,enrolled
E00893,G118,C006,enrolled
E00894,G118,C003,enrolled
E00895,G118,C007,enrolled
E00896,G119,C002,enrolled
E00897,G119,C006,enrolled
E00898,G119,C003,enrolled
E00899,G119,C010,enrolled
E00900,G119,C009,enrolled
E00901,G120,C009,enrolled
E00902,G120,C004,enrolled
E00903,G120,C008,enrolled
E00904,G120,C003,enrolled
E00905,G120,C010,enrolled
E00906,G121,C017,enrolled
E00907,G121,C018,enrolled
E00908,G121,C015,enrolled
E00909,G121,C019,enrolled
E00910,G121,C011,enrolled
E00911,G122,C014,enrolled
E00912,G122,C018,enrolled
E00913,G122,C013,enrolled
E00914,G122,C017,enrolled
E00915,G122,C019,enrolled
E00916,G123,C013,enrolled
E00917,G123,C018,enrolled
E00918,G123,C015,enrolled
E00919,G123,C017,enrolled
E00920,G123,C014,enrolled
E00921,G124,C014,enrolled
E00922,G124,C011,enrolled
E00923,G124,C020,enrolled
E00924,G124,C017,enrolled
E00925,G124,C018,enrolled
E00926,G125,C019,enrolled
E00927,G125,C020,enrolled
E00928,G125,C014,enrolled
E00929,G125,C016,enrolled
E00930,G125,C015,enrolled
E00931,G126,C020,enrolled
E00932,G126,C012,enrolled
E00933,G126,C018,enrolled
E00934,G126,C014,enrolled
E00935,G126,C015,enrolled
E00936,G127,C015,enrolled
E00937,G127,C018,enrolled
E00938,G127,C012,enrolled
E00939,G127,C019,enrolled
E00940,G127,C014,enrolled
E00941,G128,C014,enrolled
E00942,G128,C017,enrolled
E00943,G128,C016,enrolled
E00944,G128,C011,enrolled
E00945,G128,C020,enrolled
E00946,G129,C018,enrolled
E00947,G129,C012,enrolled
E00948,G129,C014,enrolled
E00949,G129,C019,enrolled
E00950,G129,C015,enrolled
E00951,G130,C019,enrolled
E00952,G130,C017,enrolled
E00953,G130,C015,enrolled
E00954,G130,C014,enrolled
E00955,G130,C020,enrolled
E00956,G131,C015,enrolled
E00957,G131,C020,enrolled
E00958,G131,C017,enrolled
E00959,G131,C016,enrolled
E00960,G131,C013,enrolled
E00961,G132,C012,enrolled
E00962,G132,C019,enrolled
E00963,G132,C015,enrolled
E00964,G132,C014,enrolled
E00965,G132,C011,enrolled
E00966,G133,C015,enrolled
E00967,G133,C013,enrolled
E00968,G133,C012,enrolled
E00969,G133,C018,enrolled
E00970,G133,C014,enrolled
E00971,G134,C013,enrolled
E00972,G134,C014,enrolled
E00973,G134,C019,enrolled
E00974,G134,C011,enrolled
E00975,G134,C012,enrolled
E00976,G135,C013,enrolled
E00977,G135,C015,enrolled
E00978,G135,C017,enrolled
E00979,G135,C014,enrolled
E00980,G135,C018,enrolled
E00981,G136,C016,enrolled
E00982,G136,C017,enrolled
E00983,G136,C013,enrolled
E00984,G136,C019,enrolled
E00985,G136,C018,enrolled
E00986,G137,C020,enrolled
E00987,G137,C017,enrolled
E00988,G137,C014,enrolled
E00989,G137,C016,enrolled
E00990,G137,C018,enrolled
E00991,G138,C015,enrolled
E00992,G138,C013,enrolled
E00993,G138,C014,enrolled
E00994,G138,C016,enrolled
E00995,G138,C012,enrolled
E00996,G139,C019,enrolled
E00997,G139,C012,enrolled
E00998,G139,C013,enrolled
E00999,G139,C018,enrolled
E01000,G139,C011,enrolled
E01001,G140,C012,enrolled
E01002,G140,C019,enrolled
E01003,G140,C011,enrolled
E01004,G140,C014,enrolled
E01005,G140,C017,enrolled
E01006,G141,C017,enrolled
E01007,G141,C013,enrolled
E01008,G141,C020,enrolled
E01009,G141,C011,enrolled
E01010,G141,C015,enrolled
E01011,G142,C020,enrolled
E01012,G142,C019,enrolled
E01013,G142,C014,enrolled
E01014,G142,C015,enrolled
E01015,G142,C011,enrolled
E01016,G143,C020,enrolled
E01017,G143,C011,enrolled
E01018,G143,C014,enrolled
E01019,G143,C018,enrolled
E01020,G143,C013,enrolled
E01021,G144,C013,enrolled
E01022,G144,C015,enrolled
E01023,G144,C018,enrolled
E01024,G144,C012,enrolled
E01025,G144,C011,enrolled
E01026,G145,C016,enrolled
E01027,G145,C017,enrolled
E01028,G145,C014,enrolled
E01029,G145,C018,enrolled
E01030,G145,C015,enrolled
E01031,G146,C011,enrolled
E01032,G146,C018,enrolled
E01033,G146,C014,enrolled
E01034,G146,C015,enrolled
E01035,G146,C017,enrolled
E01036,G147,C014,enrolled
E01037,G147,C012,enrolled
E01038,G147,C018,enrolled
E01039,G147,C016,enrolled
E01040,G147,C017,enrolled
E01041,G148,C011,enrolled
E01042,G148,C015,enrolled
E01043,G148,C017,enrolled
E01044,G148,C014,enrolled
E01045,G148,C016,enrolled
E01046,G149,C016,enrolled
E01047,G149,C020,enrolled
E01048,G149,C018,enrolled
E01049,G149,C019,enrolled
E01050,G149,C017,enrolled
E01051,G150,C012,enrolled
E01052,G150,C015,enrolled
E01053,G150,C013,enrolled
E01054,G150,C019,enrolled
E01055,G150,C016,enrolled
E01056,G151,C020,enrolled
E01057,G151,C013,enrolled
E01058,G151,C019,enrolled
E01059,G151,C018,enrolled
E01060,G151,C012,enrolled
E01061,G152,C016,enrolled
E01062,G152,C012,enrolled
E01063,G152,C018,enrolled
E01064,G152,C019,enrolled
E01065,G152,C015,enrolled
E01066,G153,C017,enrolled
E01067,G153,C011,enrolled
E01068,G153,C012,enrolled
E01069,G153,C016,enrolled
E01070,G153,C018,enrolled
E01071,G154,C014,enrolled
E01072,G154,C011,enrolled
E01073,G154,C012,enrolled
E01074,G154,C015,enrolled
E01075,G154,C019,enrolled
E01076,G155,C016,enrolled
E01077,G155,C013,enrolled
E01078,G155,C012,enrolled
E01079,G155,C020,enrolled
E01080,G155,C019,enrolled
E01081,G156,C016,enrolled
E01082,G156,C012,enrolled
E01083,G156,C014,enrolled
E01084,G156,C019,enrolled
E01085,G156,C011,enrolled
E01086,G157,C011,enrolled
E01087,G157,C016,enrolled
E01088,G157,C019,enrolled
E01089,G157,C017,enrolled
E01090,G157,C018,enrolled
E01091,G158,C019,enrolled
E01092,G158,C014,enrolled
E01093,G158,C017,enrolled
E01094,G158,C011,enrolled
E01095,G158,C015,enrolled
E01096,G159,C014,enrolled
E01097,G159,C016,enrolled
E01098,G159,C018,enrolled
E01099,G159,C017,enrolled
E01100,G159,C020,enrolled
E01101,G160,C013,enrolled
E01102,G160,C018,enrolled
E01103,G160,C014,enrolled
E01104,G160,C015,enrolled
E01105,G160,C017,enrolled
E01106,G161,C016,enrolled
E01107,G161,C020,enrolled
E01108,G161,C012,enrolled
E01109,G161,C015,enrolled
E01110,G161,C017,enrolled
E01111,G162,C016,enrolled
E01112,G162,C015,enrolled
E01113,G162,C013,enrolled
E01114,G162,C011,enrolled
E01115,G162,C018,enrolled
E01116,G163,C019,enrolled
E01117,G163,C015,enrolled
E01118,G163,C014,enrolled
E01119,G163,C017,enrolled
E01120,G163,C016,enrolled
E01121,G164,C012,enrolled
E01122,G164,C015,enrolled
E01123,G164,C014,enrolled
E01124,G164,C017,enrolled
E01125,G164,C019,enrolled
E01126,G165,C015,enrolled
E01127,G165,C013,enrolled
E01128,G165,C019,enrolled
E01129,G165,C012,enrolled
E01130,G165,C017,enrolled
E01131,G166,C013,enrolled
E01132,G166,C020,enrolled
E01133,G166,C019,enrolled
E01134,G166,C012,enrolled
E01135,G166,C016,enrolled
E01136,G167,C013,enrolled
E01137,G167,C016,enrolled
E01138,G167,C011,enrolled
E01139,G167,C018,enrolled
E01140,G167,C017,enrolled
E01141,G168,C020,enrolled
E01142,G168,C013,enrolled
E01143,G168,C016,enrolled
E01144,G168,C018,enrolled
E01145,G168,C017,enrolled
E01146,G169,C012,enrolled
E01147,G169,C020,enrolled
E01148,G169,C011,enrolled
E01149,G169,C017,enrolled
E01150,G169,C014,enrolled
E01151,G170,C017,enrolled
E01152,G170,C014,enrolled
E01153,G170,C012,enrolled
E01154,G170,C013,enrolled
E01155,G170,C018,enrolled
E01156,G171,C015,enrolled
E01157,G171,C019,enrolled
E01158,G171,C013,enrolled
E01159,G171,C018,enrolled
E01160,G171,C017,enrolled
E01161,G172,C015,enrolled
E01162,G172,C011,enrolled
E01163,G172,C012,enrolled
E01164,G172,C013,enrolled
E01165,G172,C014,enrolled
E01166,G173,C018,enrolled
E01167,G173,C019,enrolled
E01168,G173,C011,enrolled
E01169,G173,C012,enrolled
E01170,G173,C015,enrolled
E01171,G174,C011,enrolled
E01172,G174,C019,enrolled
E01173,G174,C012,enrolled
E01174,G174,C016,enrolled
E01175,G174,C018,enrolled
E01176,G175,C016,enrolled
E01177,G175,C011,enrolled
E01178,G175,C019,enrolled
E01179,G175,C018,enrolled
E01180,G175,C020,enrolled
E01181,G176,C012,enrolled
E01182,G176,C014,enrolled
E01183,G176,C015,enrolled
E01184,G176,C019,enrolled
E01185,G176,C016,enrolled
E01186,G177,C015,enrolled
E01187,G177,C016,enrolled
E01188,G177,C019,enrolled
E01189,G177,C014,enrolled
E01190,G177,C017,enrolled
E01191,G178,C016,enrolled
E01192,G178,C015,enrolled
E01193,G178,C017,enrolled
E01194,G178,C012,enrolled
E01195,G178,C014,enrolled
E01196,G179,C013,enrolled
E01197,G179,C016,enrolled
E01198,G179,C019,enrolled
E01199,G179,C011,enrolled
E01200,G179,C020,enrolled
E01201,G180,C019,enrolled
E01202,G180,C018,enrolled
E01203,G180,C016,enrolled
E01204,G180,C020,enrolled
E01205,G180,C014,enrolled
E01206,G181,C019,enrolled
E01207,G181,C012,enrolled
E01208,G181,C014,enrolled
E01209,G181,C016,enrolled
E01210,G181,C011,enrolled
E01211,G182,C013,enrolled
E01212,G182,C016,enrolled
E01213,G182,C018,enrolled
E01214,G182,C015,enrolled
E01215,G182,C011,enrolled
E01216,G183,C018,enrolled
E01217,G183,C020,enrolled
E01218,G183,C012,enrolled
E01219,G183,C015,enrolled
E01220,G183,C019,enrolled
E01221,G184,C016,enrolled
E01222,G184,C020,enrolled
E01223,G184,C019,enrolled
E01224,G184,C013,enrolled
E01225,G184,C014,enrolled
E01226,G185,C014,enrolled
E01227,G185,C012,enrolled
E01228,G185,C011,enrolled
E01229,G185,C018,enrolled
E01230,G185,C019,enrolled
E01231,G186,C012,enrolled
E01232,G186,C013,enrolled
E01233,G186,C016,enrolled
E01234,G186,C020,enrolled
E01235,G186,C014,enrolled
E01236,G187,C013,enrolled
E01237,G187,C017,enrolled
E01238,G187,C014,enrolled
E01239,G187,C012,enrolled
E01240,G187,C019,enrolled
E01241,G188,C014,enrolled
E01242,G188,C012,enrolled
E01243,G188,C018,enrolled
E01244,G188,C015,enrolled
E01245,G188,C020,enrolled
E01246,G189,C018,enrolled
E01247,G189,C016,enrolled
E01248,G189,C019,enrolled
E01249,G189,C011,enrolled
E01250,G189,C020,enrolled
E01251,G190,C013,enrolled
E01252,G190,C015,enrolled
E01253,G190,C018,enrolled
E01254,G190,C017,enrolled
E01255,G190,C020,enrolled
E01256,G191,C013,enrolled
E01257,G191,C017,enrolled
E01258,G191,C011,enrolled
E01259,G191,C012,enrolled
E01260,G191,C020,enrolled
E01261,G192,C017,enrolled
E01262,G192,C014,enrolled
E01263,G192,C015,enrolled
E01264,G192,C011,enrolled
E01265,G192,C019,enrolled
E01266,G193,C018,enrolled
E01267,G193,C017,enrolled
E01268,G193,C015,enrolled
E01269,G193,C014,enrolled
E01270,G193,C019,enrolled
E01271,G194,C019,enrolled
E01272,G194,C011,enrolled
E01273,G194,C018,enrolled
E01274,G194,C015,enrolled
E01275,G194,C017,enrolled
E01276,G195,C016,enrolled
E01277,G195,C013,enrolled
E01278,G195,C020,enrolled
E01279,G195,C014,enrolled
E01280,G195,C017,enrolled
E01281,G196,C019,enrolled
E01282,G196,C011,enrolled
E01283,G196,C012,enrolled
E01284,G196,C020,enrolled
E01285,G196,C015,enrolled
E01286,G197,C015,enrolled
E01287,G197,C012,enrolled
E01288,G197,C014,enrolled
E01289,G197,C011,enrolled
E01290,G197,C020,enrolled
E01291,G198,C011,enrolled
E01292,G198,C017,enrolled
E01293,G198,C019,enrolled
E01294,G198,C014,enrolled
E01295,G198,C013,enrolled
E01296,G199,C019,enrolled
E01297,G199,C018,enrolled
E01298,G199,C020,enrolled
E01299,G199,C017,enrolled
E01300,G199,C012,enrolled
E01301,G200,C012,enrolled
E01302,G200,C016,enrolled
E01303,G200,C019,enrolled
E01304,G200,C011,enrolled
E01305,G200,C018,enrolled
E01306,G201,C016,enrolled
E01307,G201,C019,enrolled
E01308,G201,C011,enrolled
E01309,G201,C015,enrolled
E01310,G201,C014,enrolled
E01311,G202,C012,enrolled
E01312,G202,C019,enrolled
E01313,G202,C013,enrolled
E01314,G202,C018,enrolled
E01315,G202,C011,enrolled
E01316,G203,C016,enrolled
E01317,G203,C012,enrolled
E01318,G203,C018,enrolled
E01319,G203,C017,enrolled
E01320,G203,C015,enrolled
E01321,G204,C020,enrolled
E01322,G204,C015,enrolled
E01323,G204,C019,enrolled
E01324,G204,C016,enrolled
E01325,G204,C017,enrolled
E01326,G205,C020,enrolled
E01327,G205,C017,enrolled
E01328,G205,C011,enrolled
E01329,G205,C018,enrolled
E01330,G205,C014,enrolled
E01331,G206,C014,enrolled
E01332,G206,C018,enrolled
E01333,G206,C019,enrolled
E01334,G206,C020,enrolled
E01335,G206,C011,enrolled
E01336,G207,C017,enrolled
E01337,G207,C015,enrolled
E01338,G207,C019,enrolled
E01339,G207,C012,enrolled
E01340,G207,C018,enrolled
E01341,G208,C012,enrolled
E01342,G208,C014,enrolled
E01343,G208,C016,enrolled
E01344,G208,C015,enrolled
E01345,G208,C019,enrolled
E01346,G209,C016,enrolled
E01347,G209,C014,enrolled
E01348,G209,C015,enrolled
E01349,G209,C017,enrolled
E01350,G209,C020,enrolled
E01351,G210,C020,enrolled
E01352,G210,C019,enrolled
E01353,G210,C016,enrolled
E01354,G210,C011,enrolled
E01355,G210,C012,enrolled
E01356,G211,C011,enrolled
E01357,G211,C013,enrolled
E01358,G211,C014,enrolled
E01359,G211,C017,enrolled
E01360,G211,C016,enrolled
E01361,G212,C011,enrolled
E01362,G212,C012,enrolled
E01363,G212,C014,enrolled
E01364,G212,C019,enrolled
E01365,G212,C013,enrolled
E01366,G213,C017,enrolled
E01367,G213,C014,enrolled
E01368,G213,C011,enrolled
E01369,G213,C013,enrolled
E01370,G213,C018,enrolled
E01371,G214,C012,enrolled
E01372,G214,C011,enrolled
E01373,G214,C013,enrolled
E01374,G214,C015,enrolled
E01375,G214,C019,enrolled
E01376,G215,C012,enrolled
E01377,G215,C013,enrolled
E01378,G215,C015,enrolled
E01379,G215,C020,enrolled
E01380,G215,C017,enrolled
E01381,G216,C013,enrolled
E01382,G216,C020,enrolled
E01383,G216,C016,enrolled
E01384,G216,C017,enrolled
E01385,G216,C019,enrolled
E01386,G217,C014,enrolled
E01387,G217,C016,enrolled
E01388,G217,C015,enrolled
E01389,G217,C011,enrolled
E01390,G217,C017,enrolled
E01391,G218,C018,enrolled
E01392,G218,C020,enrolled
E01393,G218,C011,enrolled
E01394,G218,C013,enrolled
E01395,G218,C014,enrolled
E01396,G219,C015,enrolled
E01397,G219,C018,enrolled
E01398,G219,C019,enrolled
E01399,G219,C013,enrolled
E01400,G219,C012,enrolled
E01401,G220,C019,enrolled
E01402,G220,C020,enrolled
E01403,G220,C013,enrolled
E01404,G220,C011,enrolled
E01405,G220,C016,enrolled
E01406,G221,C029,enrolled
E01407,G221,C031,enrolled
E01408,G221,C037,enrolled
E01409,G221,C045,enrolled
E01410,G221,C043,enrolled
E01411,G222,C043,enrolled
E01412,G222,C040,enrolled
E01413,G222,C023,enrolled
E01414,G222,C038,enrolled
E01415,G222,C044,enrolled
E01416,G223,C023,enrolled
E01417,G223,C038,enrolled
E01418,G223,C042,enrolled
E01419,G223,C028,enrolled
E01420,G223,C032,enrolled
E01421,G224,C043,enrolled
E01422,G224,C042,enrolled
E01423,G224,C026,enrolled
E01424,G224,C037,enrolled
E01425,G224,C040,enrolled
E01426,G225,C047,enrolled
E01427,G225,C021,enrolled
E01428,G225,C029,enrolled
E01429,G225,C030,enrolled
E01430,G225,C035,enrolled
E01431,G226,C032,enrolled
E01432,G226,C024,enrolled
E01433,G226,C038,enrolled
E01434,G226,C041,enrolled
E01435,G226,C049,enrolled
E01436,G227,C032,enrolled
E01437,G227,C043,enrolled
E01438,G227,C023,enrolled
E01439,G227,C027,enrolled
E01440,G227,C038,enrolled
E01441,G228,C039,enrolled
E01442,G228,C036,enrolled
E01443,G228,C031,enrolled
E01444,G228,C045,enrolled
E01445,G228,C034,enrolled
E01446,G229,C048,enrolled
E01447,G229,C033,enrolled
E01448,G229,C034,enrolled
E01449,G229,C024,enrolled
E01450,G229,C029,enrolled
E01451,G230,C050,enrolled
E01452,G230,C045,enrolled
E01453,G230,C035,enrolled
E01454,G230,C021,enrolled
E01455,G230,C044,enrolled
E01456,G231,C021,enrolled
E01457,G231,C040,enrolled
E01458,G231,C048,enrolled
E01459,G231,C050,enrolled
E01460,G231,C039,enrolled
E01461,G232,C031,enrolled
E01462,G232,C030,enrolled
E01463,G232,C042,enrolled
E01464,G232,C033,enrolled
E01465,G232,C028,enrolled
E01466,G233,C035,enrolled
E01467,G233,C024,enrolled
E01468,G233,C032,enrolled
E01469,G233,C048,enrolled
E01470,G233,C045,enrolled
E01471,G234,C026,enrolled
E01472,G234,C041,enrolled
E01473,G234,C040,enrolled
E01474,G234,C049,enrolled
E01475,G234,C027,enrolled
E01476,G235,C023,enrolled
E01477,G235,C027,enrolled
E01478,G235,C032,enrolled
E01479,G235,C048,enrolled
E01480,G235,C031,enrolled
E01481,G236,C037,enrolled
E01482,G236,C025,enrolled
E01483,G236,C036,enrolled
E01484,G236,C046,enrolled
E01485,G236,C041,enrolled
E01486,G237,C021,enrolled
E01487,G237,C032,enrolled
E01488,G237,C040,enrolled
E01489,G237,C028,enrolled
E01490,G237,C044,enrolled
E01491,G238,C038,enrolled
E01492,G238,C032,enrolled
E01493,G238,C027,enrolled
E01494,G238,C041,enrolled
E01495,G238,C029,enrolled
E01496,G239,C047,enrolled
E01497,G239,C038,enrolled
E01498,G239,C045,enrolled
E01499,G239,C023,enrolled
E01500,G239,C042,enrolled
E01501,G240,C044,enrolled
E01502,G240,C047,enrolled
E01503,G240,C036,enrolled
E01504,G240,C034,enrolled
E01505,G240,C032,enrolled
E01506,G241,C029,enrolled
E01507,G241,C041,enrolled
E01508,G241,C023,enrolled
E01509,G241,C026,enrolled
E01510,G241,C044,enrolled
E01511,G242,C044,enrolled
E01512,G242,C045,enrolled
E01513,G242,C040,enrolled
E01514,G242,C038,enrolled
E01515,G242,C046,enrolled
E01516,G243,C034,enrolled
E01517,G243,C038,enrolled
E01518,G243,C049,enrolled
E01519,G243,C046,enrolled
E01520,G243,C037,enrolled
E01521,G244,C031,enrolled
E01522,G244,C034,enrolled
E01523,G244,C046,enrolled
E01524,G244,C035,enrolled
E01525,G244,C049,enrolled
E01526,G245,C039,enrolled
E01527,G245,C029,enrolled
E01528,G245,C022,enrolled
E01529,G245,C030,enrolled
E01530,G245,C026,enrolled
E01531,G246,C037,enrolled
E01532,G246,C028,enrolled
E01533,G246,C022,enrolled
E01534,G246,C031,enrolled
E01535,G246,C041,enrolled
E01536,G247,C038,enrolled
E01537,G247,C022,enrolled
E01538,G247,C032,enrolled
E01539,G247,C026,enrolled
E01540,G247,C035,enrolled
E01541,G248,C036,enrolled
E01542,G248,C049,enrolled
E01543,G248,C041,enrolled
E01544,G248,C048,enrolled
E01545,G248,C050,enrolled
E01546,G249,C050,enrolled
E01547,G249,C038,enrolled
E01548,G249,C046,enrolled
E01549,G249,C032,enrolled
E01550,G249,C040,enrolled
E01551,G250,C030,enrolled
E01552,G250,C025,enrolled
E01553,G250,C046,enrolled
E01554,G250,C048,enrolled
E01555,G250,C050,enrolled
E01556,G251,C041,enrolled
E01557,G251,C033,enrolled
E01558,G251,C023,enrolled
E01559,G251,C046,enrolled
E01560,G251,C047,enrolled
E01561,G252,C047,enrolled
E01562,G252,C048,enrolled
E01563,G252,C039,enrolled
E01564,G252,C027,enrolled
E01565,G252,C029,enrolled
E01566,G253,C041,enrolled
E01567,G253,C027,enrolled
E01568,G253,C024,enrolled
E01569,G253,C028,enrolled
E01570,G253,C034,enrolled
E01571,G254,C030,enrolled
E01572,G254,C028,enrolled
E01573,G254,C036,enrolled
E01574,G254,C033,enrolled
E01575,G254,C037,enrolled
E01576,G255,C037,enrolled
E01577,G255,C027,enrolled
E01578,G255,C042,enrolled
E01579,G255,C033,enrolled
E01580,G255,C031,enrolled
E01581,G256,C041,enrolled
E01582,G256,C038,enrolled
E01583,G256,C033,enrolled
E01584,G256,C022,enrolled
E01585,G256,C034,enrolled
E01586,G257,C022,enrolled
E01587,G257,C041,enrolled
E01588,G257,C021,enrolled
E01589,G257,C039,enrolled
E01590,G257,C028,enrolled
E01591,G258,C040,enrolled
E01592,G258,C022,enrolled
E01593,G258,C029,enrolled
E01594,G258,C045,enrolled
E01595,G258,C021,enrolled
E01596,G259,C041,enrolled
E01597,G259,C023,enrolled
E01598,G259,C046,enrolled
E01599,G259,C036,enrolled
E01600,G259,C043,enrolled
E01601,G260,C027,enrolled
E01602,G260,C023,enrolled
E01603,G260,C046,enrolled
E01604,G260,C031,enrolled
E01605,G260,C032,enrolled
E01606,G261,C035,enrolled
E01607,G261,C033,enrolled
E01608,G261,C046,enrolled
E01609,G261,C049,enrolled
E01610,G261,C036,enrolled
E01611,G262,C037,enrolled
E01612,G262,C028,enrolled
E01613,G262,C032,enrolled
E01614,G262,C023,enrolled
E01615,G262,C040,enrolled
E01616,G263,C032,enrolled
E01617,G263,C039,enrolled
E01618,G263,C038,enrolled
E01619,G263,C021,enrolled
E01620,G263,C033,enrolled
E01621,G264,C022,enrolled
E01622,G264,C030,enrolled
E01623,G264,C035,enrolled
E01624,G264,C044,enrolled
E01625,G264,C049,enrolled
E01626,G265,C043,enrolled
E01627,G265,C050,enrolled
E01628,G265,C039,enrolled
E01629,G265,C026,enrolled
E01630,G265,C024,enrolled
E01631,G266,C041,enrolled
E01632,G266,C035,enrolled
E01633,G266,C032,enrolled
E01634,G266,C036,enrolled
E01635,G266,C024,enrolled
E01636,G267,C024,enrolled
E01637,G267,C028,enrolled
E01638,G267,C047,enrolled
E01639,G267,C039,enrolled
E01640,G267,C041,enrolled
E01641,G268,C044,enrolled
E01642,G268,C043,enrolled
E01643,G268,C030,enrolled
E01644,G268,C035,enrolled
E01645,G268,C033,enrolled
E01646,G269,C026,enrolled
E01647,G269,C029,enrolled
E01648,G269,C045,enrolled
E01649,G269,C037,enrolled
E01650,G269,C038,enrolled
E01651,G270,C044,enrolled
E01652,G270,C038,enrolled
E01653,G270,C026,enrolled
E01654,G270,C045,enrolled
E01655,G270,C049,enrolled
